URI,SCRAPED AT,ARTICLE DATE,TITLE,BODY,HASH
https://www.lostiempos.com/actualidad/cochabamba/20200207/otorgan-libertad-irrestricta-leyes-caso-mochilas-ii,07/02/2020 14:57,Publicado el 07/02/2020 a las 11h37,0 - Otorgan libertad irrestricta a Leyes por el caso Mochilas II,"Tras audiencia, se otorgó libertad irrestricta al alcalde electo José María Leyes (Demócrat",fd27cee10e3ea1608a76fba51d69183d
https://www.lostiempos.com/actualidad/pais/20200207/escarabajos-bolivianos-peligro-extincion-son-traficados-ilegalmente-japon,07/02/2020 14:57,Publicado el 07/02/2020 a las 10h33,1 - Escarabajos bolivianos en peligro de extinción son traficados ilegalmente hacia Japón,"Traficantes japoneses y de otros países, llegan todos los años hasta Coroico en busca de es",e1f62440cd5e46ad17a7db1761971c52
https://www.lostiempos.com/actualidad/pais/20200207/mesa-evo-no-tiene-autoridad-moral-convocar-acuerdo-paz,07/02/2020 14:57,Publicado el 07/02/2020 a las 11h30,2 - Mesa: Evo no tiene autoridad moral para convocar a un acuerdo de paz,"El candidato a la Presidencia por Comunidad Ciudadana (CC), Carlos Mesa, aseguró hoy que el",ca129737e11c1c223bda09183b113ca9
https://www.lostiempos.com/actualidad/pais/20200207/tse-firma-convenio-cooperacion-tecnica-elecciones,07/02/2020 14:57,Publicado el 07/02/2020 a las 15h19,3 - TSE firma convenio de cooperación técnica para las elecciones,"El Tribunal Supremo Electoral (TSE), Naciones Unidas (NNUU), Unión Europea (UE), Reino Unid",70bf7d3030e5f683c83cfae8c7e3d73b
https://www.lostiempos.com/actualidad/cochabamba/20200207/lunes-bolivia-contara-reactivos-detectar-coronavirus,07/02/2020 14:57,Publicado el 07/02/2020 a las 12h35,4 - Desde el lunes Bolivia contará con reactivos para detectar coronavirus,"La responsable de Epidemiología del Ministerio de Salud, Carola Valencia, informó hoy que d",beb8ddfe7578434748d6a38e4beb2785
https://www.lostiempos.com/actualidad/pais/20200207/gobierno-moviliza-maquinaria-cotagaita-garantiza-reposicion-viviendas,07/02/2020 14:57,Publicado el 07/02/2020 a las 15h09,5 - Gobierno moviliza maquinaria a Cotagaita y garantiza reposición de viviendas afectadas,"POTOSÍ |

	El ministro de Obras Públicas, Iván Arias, informó hoy que se instruyó movilizar",61ea1cb0030b52411db25ce00c817f66
https://www.lostiempos.com/doble-click/cultura/20200207/80-anos-pinocho-mentiroso-mas-famoso-del-cine,07/02/2020 14:57,Publicado el 07/02/2020 a las 14h34,"6 - 80 años de ""Pinocho"", el mentiroso más famoso del cine","MADRID |

	Un 7 de febrero de 1940 se estrenaba en el Central Theatre de Nueva York ""Disney",661e8737fe88c8a26991f6a0bda3d73d
https://www.lostiempos.com/deportes/futbol/20200207/conmebol-uefa-se-reuniran-ginebra-tratar-proyectos-comunes,07/02/2020 14:57,Publicado el 07/02/2020 a las 14h10,"7 - Conmebol y UEFA se reunirán en Ginebra para tratar ""proyectos comunes""",Los responsables de la Confederación Europea de Fútbol (UEFA) y de la Confederación Sudamer,d7cadd951b2e0a7b309831c6e1da1674
https://www.lostiempos.com/deportes/futbol/20200207/wilstermann-determina-cuidar-cristian-chavez,07/02/2020 14:57,Publicado el 07/02/2020 a las 14h56,8 - Wilstermann determina cuidar a Cristian Chávez,El cuerpo técnico de Wilstermann determinó que el volante ofensivo Cristian ‘Pochi’ Chávez,ef4d4b55fb0a5e56154cf843c7b22699
https://www.lostiempos.com/actualidad/mundo/20200207/mexico-es-segundo-pais-mayor-discriminacion-enfermedades-mentales,07/02/2020 14:57,Publicado el 07/02/2020 a las 14h43,9 - México es el segundo país con mayor discriminación hacia enfermedades mentales,México es el segundo país del mundo con mayor nivel de estigma en cuanto a enfermedades men,1a2cca43d90c3d26ab8aa83126d500c9
https://www.lostiempos.com/actualidad/mundo/20200207/oms-alerta-escasez-mundial-material-proteccion-contra-coronavirus,07/02/2020 14:57,Publicado el 07/02/2020 a las 10h30,10 - La OMS alerta de escasez mundial de material de protección contra coronavirus,"Ginebra |

	La cantidad de mascarillas y otros materiales de protección contra el nuevo cor",58cadc3274ac8ddeec1ae68d967d5cf2
https://www.lostiempos.com/actualidad/mundo/20200207/comision-ddhh-casi-550-personas-murieron-irak-inicio-protestas,07/02/2020 14:57,Publicado el 07/02/2020 a las 14h55,11 - Comisión de DDHH: Casi 550 personas murieron en Irak desde inicio de protestas,"BAGDAD |

	Al menos 544 personas murieron y más de 27.000 resultaron heridas, en los enfren",15a1554728ebe7ca80bed9669f01f627
https://www.lostiempos.com/actualidad/pais/20200207/sentencia-del-tcp-posibilita-habilitacion-evo-arce-cossio,07/02/2020 14:57,Publicado el 07/02/2020 a las 0h13,"12 - Sentencia del TCP posibilita la habilitación de Evo, Arce y Cossío",Una sentencia del Tribunal Constitucional Plurinacional (TCP) de 2018 podría habilitar a lo,a8c65e11d9d7c3b48ef6bb91fbeadacc
https://www.lostiempos.com/actualidad/cochabamba/20200207/comerciantes-se-preparan-posible-retorno-leyes-alcaldia,07/02/2020 14:57,Publicado el 07/02/2020 a las 10h46,13 - Comerciantes se preparan para el posible retorno de Leyes a la Alcaldía,"COCHABAMBA |

	Algunos sectores de los comerciantes están listos para el posible retorno de",4ec30f7a13e4a1083511d8813f1a3021
https://www.lostiempos.com/actualidad/cochabamba/20200207/transporte-libre-bloquea-avenida-san-martin-exigiendo-pasar-esa,07/02/2020 14:57,Publicado el 07/02/2020 a las 10h37,14 - Transporte libre bloquea la avenida San Martín exigiendo pasar por esa vía,"COCHABAMBA |

	Los conductores del transporte libre bloquean la avenida San Martín y Hondur",86ba7b4012d497af3a3d5de80eb91829
https://www.lostiempos.com/actualidad/mundo/20200207/mapa-tiempo-real-del-avance-del-coronavirus-mundo,07/02/2020 14:57,Publicado el 07/02/2020 a las 10h23,15 - Mapa en tiempo real del avance del coronavirus por el mundo,"El coronavirus se originó en China, pero se expandió con velocidad por varios países. Pese",ad09d4900cc18491fe98e785149e2e9f
https://www.lostiempos.com/actualidad/pais/20200207/expertos-pedofilos-dominan-rrss-evaden-control-policial,07/02/2020 14:57,Publicado el 07/02/2020 a las 0h26,16 - Expertos: Pedófilos dominan las RRSS y evaden control policial,Expertos en redes sociales ven con preocupación que las diferentes organizaciones criminale,9d0d38152a1db3a97956e6e7cf41c245
https://www.lostiempos.com/doble-click/cine/20200207/premios-oscar-2020-donde-como-ver-vivo-online,07/02/2020 14:57,Publicado el 07/02/2020 a las 12h41,17 - Premios Oscar 2020: dónde y cómo ver en vivo y online,"El domingo será la versión número 92 de los premios Oscar, considerado como el evento estel",d43b9b009df91d3aec5f424cbb042d10
https://www.lostiempos.com/tendencias/educacion/20200207/transformacion-educacion-bolivia-gran-desafio-unifranz,07/02/2020 14:57,Publicado el 07/02/2020 a las 9h40,"18 - La transformación de la educación en Bolivia, el gran desafío de UNIFRANZ","Ante las constantes transformaciones globales, UNIFRANZ apuesta por una enseñanza que fomen",9b7bd5e882a92d94242970a9ec87fbcc
https://www.lostiempos.com/actualidad/economia/20200202/entel-bolivia-renueva-su-directorio-profesionales-trayectoria,07/02/2020 14:57,Publicado el 02/02/2020 a las 8h16,19 - Entel Bolivia renueva su directorio con profesionales de trayectoria,"El empresario Ibo Blazicevic fue elegido como nuevo presidente de directorio y Elio Montes,",8c3d35fe0db78a0f727cdf661b99ce9c
https://www.lostiempos.com/deportes/futbol/20200207/chapu-cardozo-exportacion,07/02/2020 14:57,Publicado el 07/02/2020 a las 0h47,"20 - Chapu Cardozo, de exportación",Luego de seis años de retirarse de la actividad futbolística y ser entrenador con vocación,52c901969e4471e484e03754dc4fa3bd
https://www.lostiempos.com/actualidad/pais/20200206/resultados-del-caso-sospechoso-coronavirus-cochabamba-tardaran-20-dias,07/02/2020 14:57,Publicado el 06/02/2020 a las 12h06,21 - Resultados del caso sospechoso de coronavirus en Cochabamba tardarán hasta 20 días,"COCHABAMBA |

	Los resultados del caso sospechoso de coronavirus en Cochabamba se conocerán",fa2f5727a2f47288389f0fc459255dec
https://www.lostiempos.com/actualidad/cochabamba/20200206/medio-tension-inspeccionan-nueva-propuesta-linea-amarilla-del-tren,07/02/2020 14:57,Publicado el 06/02/2020 a las 12h13,"22 - En medio de tensión, inspeccionan nueva propuesta para línea amarilla del tren","Técnicos de la Unidad Técnica de Ferrocarriles (UTF), autoridades departamentales, municipa",1da5f9f9595f57b5dc9c43dd104d05c3
https://www.lostiempos.com/tendencias/interesante/20200206/antigua-capilla-lisboa-recrea-mundo-onirico-tim-burton,07/02/2020 14:57,Publicado el 06/02/2020 a las 9h49,23 - Una antigua capilla de Lisboa recrea el mundo onírico de Tim Burton,"Paula Fernández / Lisboa

	Los portones de la antigua capilla de Nuestra Señora de Nazareth",169a1c7b11c9aa5f248d9b522f50cfda
https://www.lostiempos.com/doble-click/musica/20200205/nuevo-videoclip-40-aniversario-redemption-song-bob-marley,07/02/2020 14:57,Publicado el 05/02/2020 a las 12h22,"24 - Nuevo videoclip por el 40 aniversario de ""Redemption Song"" de Bob Marley",Cerca de 2700 dibujos originales conforman el nuevo videoclip que figura desde hoy en el ca,92023504a698c3c805455dc42f387a45
https://www.lostiempos.com/doble-click/cultura/20200204/exhiben-trajes-tipicos-del-carnaval-oruro-gran-hotel-cochabamba,07/02/2020 14:57,Publicado el 04/02/2020 a las 19h02,25 - Exhiben trajes típicos del Carnaval de Oruro en el Gran Hotel Cochabamba,"Con motivo de conmemorar el aniversario número 239 del departamento de Oruro, el centro de",7815564f7a12c0f67862b2bfba766896
https://www.lostiempos.com/actualidad/cochabamba/20200207/otorgan-libertad-irrestricta-leyes-caso-mochilas-ii,07/02/2020 14:57,Publicado el 07/02/2020 a las 11h37,30 - Otorgan libertad irrestricta a Leyes por el caso Mochilas II,"Tras audiencia, se otorgó libertad irrestricta al alcalde electo José María Leyes (Demócrat",fd27cee10e3ea1608a76fba51d69183d
https://www.lostiempos.com/actualidad/cochabamba/20200207/lunes-bolivia-contara-reactivos-detectar-coronavirus,07/02/2020 14:57,Publicado el 07/02/2020 a las 12h35,31 - Desde el lunes Bolivia contará con reactivos para detectar coronavirus,"La responsable de Epidemiología del Ministerio de Salud, Carola Valencia, informó hoy que d",beb8ddfe7578434748d6a38e4beb2785
https://www.lostiempos.com/actualidad/cochabamba/20200207/bancomunidad-inaugura-nueva-agencia-quillacollo,07/02/2020 14:57,Publicado el 07/02/2020 a las 13h11,32 - BanComunidad inaugura  nueva agencia Quillacollo,"COCHABAMBA |

	El Banco PyMe BanComunidad inauguró hoy una nueva agencia en el municipio de",89978cf15b932d3b7ae39176e442144d
https://www.lostiempos.com/actualidad/cochabamba/20200207/comerciantes-se-preparan-posible-retorno-leyes-alcaldia,07/02/2020 14:57,Publicado el 07/02/2020 a las 10h46,33 - Comerciantes se preparan para el posible retorno de Leyes a la Alcaldía,"COCHABAMBA |

	Algunos sectores de los comerciantes están listos para el posible retorno de",4ec30f7a13e4a1083511d8813f1a3021
https://www.lostiempos.com/actualidad/cochabamba/20200207/transporte-libre-bloquea-avenida-san-martin-exigiendo-pasar-esa,07/02/2020 14:57,Publicado el 07/02/2020 a las 10h37,34 - Transporte libre bloquea la avenida San Martín exigiendo pasar por esa vía,"COCHABAMBA |

	Los conductores del transporte libre bloquean la avenida San Martín y Hondur",86ba7b4012d497af3a3d5de80eb91829
https://www.lostiempos.com/actualidad/cochabamba/20200207/plantean-que-ruta-amarilla-del-tren-bordee-rio-rocha-use-5-puentes,07/02/2020 14:57,Publicado el 07/02/2020 a las 0h19,35 - Plantean que ruta amarilla del tren bordee el río Rocha y use 5 puentes,La tensión entre vecinos y funcionarios marcó ayer la inspección de la octava propuesta par,d4f98c8d15c9fe34927c3fad8171582c
https://www.lostiempos.com/actualidad/cochabamba/20200207/tiquipaya-bloquean-contra-planta-obras,07/02/2020 14:57,Publicado el 07/02/2020 a las 0h17,36 - En Tiquipaya bloquean en contra de planta y por obras,Los tres de seis distritos que se oponen a la construcción de una planta de tratamiento de,6bee075ef75c2e08b6f06a83d8ca622f
https://www.lostiempos.com/deportes/futbol/20200207/wilstermann-determina-cuidar-cristian-chavez,07/02/2020 14:57,Publicado el 07/02/2020 a las 14h56,37 - Wilstermann determina cuidar a Cristian Chávez,El cuerpo técnico de Wilstermann determinó que el volante ofensivo Cristian ‘Pochi’ Chávez,ef4d4b55fb0a5e56154cf843c7b22699
https://www.lostiempos.com/deportes/futbol/20200207/clubes-bolivianos-inician-pie-izquierdo-su-presencia-copa-sudamericana-2020,07/02/2020 14:57,Publicado el 07/02/2020 a las 11h55,38 - Clubes bolivianos inician con el pie izquierdo su presencia en la Copa Sudamericana 2020,"Los cuatro clubes bolivianos participantes en la Copa Sudamericana 2020 (Nacional Potosí, B",be3920017465786c50f49b0a89eb9ae2
https://www.lostiempos.com/deportes/futbol-int/20200207/messi-futbolista-mejor-pagado-del-mundo-delante-ronaldo,07/02/2020 14:57,Publicado el 07/02/2020 a las 11h45,"39 - Messi, el futbolista mejor pagado del mundo por delante de Ronaldo",El argentino del Barcelona Lionel Messi repite como futbolista mejor pagado del mundo por d,7171ad774be8c72318e3013bb80839c0
https://www.lostiempos.com/deportes/futbol/20200207/tiquipaya-primer-semifinalista-primera-afc-se-perfila-simon-bolivar,07/02/2020 14:57,Publicado el 07/02/2020 a las 10h26,"40 - Tiquipaya, el primer semifinalista de la Primera ""A"" de la AFC, se perfila para la Simón Bolívar",El club Municipal Tiquipaya ya no sueña despierto. Su pase a la semifinal es una realidad y,4515478bceeb9c152f150fbf1b71e939
https://www.lostiempos.com/deportes/multideportivo/20200207/motociclismo-cochabambino-inicia-su-calendario-carrera-glorias-del,07/02/2020 14:57,Publicado el 07/02/2020 a las 15h35,41 - El motociclismo cochabambino inicia su calendario con la carrera “Glorias del Pasado”,El calendario 2020 del motociclismo cochabambino iniciará el domingo 16 de febrero con la c,3434f8ee6d98f7dd7bbe7f1a8aa02dc5
https://www.lostiempos.com/deportes/futbol/20200207/estrepitosa-caida-blooming,07/02/2020 14:57,Publicado el 07/02/2020 a las 0h27,42 - Estrepitosa caída de Blooming,"LOS TIEMPOS Y AGENCIAS

	Blooming dio un paso en falso en su debut en Copa Sudamericana tra",8bccb63c4adc4ddc0ab74fb882ffedf8
https://www.lostiempos.com/deportes/futbol/20200207/dt-diaz-esperara-recuperacion-chavez-ultimo,07/02/2020 14:57,Publicado el 07/02/2020 a las 0h27,43 - El DT Díaz esperará  por la recuperación de Chávez hasta el último,"El director técnico de Wilstermann, Cristian Díaz, esperará por el volante ofensivo argenti",a434d84266be2f08c579c179fc34eeee
https://www.lostiempos.com/deportes/futbol/20200207/chapu-cardozo-exportacion,07/02/2020 14:57,Publicado el 07/02/2020 a las 0h47,"44 - Chapu Cardozo, de exportación",Luego de seis años de retirarse de la actividad futbolística y ser entrenador con vocación,52c901969e4471e484e03754dc4fa3bd
https://www.lostiempos.com/deportes/futbol/20200207/dos-cambios-once-pero-mismo-dibujo-tactico,07/02/2020 14:57,Publicado el 07/02/2020 a las 0h27,"45 - Dos cambios en el once, pero con el mismo dibujo táctico","El entrenador de Aurora, Julio César Baldivieso, conservará el dibujo táctico que ha puesto",34bfa03e81deed3721c538c6d5c9f15d
https://www.lostiempos.com/deportes/futbol/20200207/vinto-alista-su-arsenal-partido-aurora,07/02/2020 14:57,Publicado el 07/02/2020 a las 0h27,46 - Vinto alista su arsenal para partido con Aurora,Municipal Vinto Atlético Palmaflor alista su mejor elemento para el partido de mañana (15:0,18f2649ad373fbcf37caf4802a7882be
https://www.lostiempos.com/deportes/futbol/20200207/always-tampoco-pudo-millonarios-campin-bogota,07/02/2020 14:57,Publicado el 07/02/2020 a las 0h00,47 - Always tampoco pudo con Millonarios en el Campín de Bogotá,"El Millonarios colombiano superó por 2-0 ayer a Always Ready, en partido de ida de la prime",18be3728d2739077855af72dafd54a83
https://www.lostiempos.com/deportes/futbol/20200207/gonzales-arano-se-suman-strongest,07/02/2020 14:57,Publicado el 07/02/2020 a las 0h27,48 - Gonzales  y Arano se suman a The Strongest,El Tigre suma refuerzos jóvenes y nacionales. Ayer llegaron los jugadores Alex Arano y Fran,526a8c86b5b07858d953d84d3d93d79e
https://www.lostiempos.com/actualidad/pais/20200207/joven-sospechoso-coronavirus-dio-positivo-examen-dengue,07/02/2020 14:57,Publicado el 07/02/2020 a las 0h33,49 - Joven sospechoso de coronavirus dio positivo a examen de dengue,El joven que llegó de Singapur y es sospechoso de portar el coronavirus dio positivo para d,655d61e9107ac0da3965a52a48b07f40
https://www.lostiempos.com/actualidad/pais/20200207/sentencia-del-tcp-posibilita-habilitacion-evo-arce-cossio,07/02/2020 14:57,Publicado el 07/02/2020 a las 0h13,"50 - Sentencia del TCP posibilita la habilitación de Evo, Arce y Cossío",Una sentencia del Tribunal Constitucional Plurinacional (TCP) de 2018 podría habilitar a lo,a8c65e11d9d7c3b48ef6bb91fbeadacc
https://www.lostiempos.com/actualidad/mundo/20200206/muere-medico-chino-que-alerto-del-coronavirus,07/02/2020 14:57,Publicado el 06/02/2020 a las 18h19,51 - Muere el médico chino que alertó del coronavirus,Un doctor chino que lanzó la alerta pública por la aparición del nuevo coronavirus murió a,e75444d67434c24f724323c2bc561b95
https://www.lostiempos.com/actualidad/pais/20200206/copa-promulgara-17-leyes-que-fueron-devueltas-gobierno,07/02/2020 14:57,Publicado el 06/02/2020 a las 16h39,52 - Copa promulgará 17 leyes que fueron devueltas por el Gobierno,"La presidenta de la Asamblea Legislativa Plurinacional (ALP), Eva Copa, informó hoy que, pr",b290117ac10a4404faf7d412cb7f3b77
https://www.lostiempos.com/actualidad/pais/20200207/escarabajos-bolivianos-peligro-extincion-son-traficados-ilegalmente-japon,07/02/2020 14:57,Publicado el 07/02/2020 a las 10h33,53 - Escarabajos bolivianos en peligro de extinción son traficados ilegalmente hacia Japón,"Traficantes japoneses y de otros países, llegan todos los años hasta Coroico en busca de es",e1f62440cd5e46ad17a7db1761971c52
https://www.lostiempos.com/actualidad/cochabamba/20200206/memes-que-desata-conflicto-legal-dos-franquicias-comida-rapida,07/02/2020 14:57,Publicado el 06/02/2020 a las 16h04,54 - Los memes que desata el conflicto legal entre dos franquicias de comida rápida,Un conflicto legal entre las franquicias de comida rápida “Chicken's Kingdom” y “Food Cente,536b3972e31911e4e839a943d6f0d6e3
https://www.lostiempos.com/actualidad/pais/20200206/arce-posibles-inhabilitaciones-mas-esperamos-que-tse-no-actue-politicamente,07/02/2020 14:57,Publicado el 06/02/2020 a las 17h06,55 - Arce sobre posibles inhabilitaciones: En el MAS esperamos que el TSE no actúe políticamente,El exministro de Economía y candidato a la Presidencia por el Movimiento Al Socialismo (MAS,a461dd7fca310f294ae5cc54ebcf1385
https://www.lostiempos.com/actualidad/pais/20200206/casi-mes-del-polemico-llamado-milicias-evo-convoca-acuerdo-cerrar-heridas,07/02/2020 14:57,Publicado el 06/02/2020 a las 23h01,"56 - A casi un mes del polémico llamado a milicias, Evo convoca a un acuerdo para ""cerrar heridas""","El expresidente de Bolivia y líder del Movimiento al Socialismo (MAS), Evo Morales, propuso",1b6c7abe4d4fa48fb0ea1f8a73ce729c
https://www.lostiempos.com/actualidad/mundo/20200207/mapa-tiempo-real-del-avance-del-coronavirus-mundo,07/02/2020 14:57,Publicado el 07/02/2020 a las 10h23,57 - Mapa en tiempo real del avance del coronavirus por el mundo,"El coronavirus se originó en China, pero se expandió con velocidad por varios países. Pese",ad09d4900cc18491fe98e785149e2e9f
https://www.lostiempos.com/deportes/futbol/20200207/chapu-cardozo-exportacion,07/02/2020 14:57,Publicado el 07/02/2020 a las 0h47,"58 - Chapu Cardozo, de exportación",Luego de seis años de retirarse de la actividad futbolística y ser entrenador con vocación,52c901969e4471e484e03754dc4fa3bd
https://www.lostiempos.com/tendencias/interesante/20200207/legumbres-son-superalimento-que-ayudan-prevenir-enfermedades,07/02/2020 14:58,Publicado el 07/02/2020 a las 0h43,59 - Las legumbres son un superalimento que ayudan a prevenir enfermedades,A nivel mundial las legumbres son consideradas un superalimento porque se trata de semillas,f937a4e900fc0a09090a3b3ab2c92581
https://www.lostiempos.com/tendencias/interesante/20200207/cuatro-datos-claves-del-pisco,07/02/2020 14:58,Publicado el 07/02/2020 a las 0h43,60 - Cuatro datos claves del pisco,"El pisco, la bebida bandera de Perú, conquista a los paladares más exigentes con su majestu",6aaa608f6c8ec6cd5deb4fe2c40d5cc3
https://www.lostiempos.com/tendencias/educacion/20200207/transformacion-educacion-bolivia-gran-desafio-unifranz,07/02/2020 14:58,Publicado el 07/02/2020 a las 9h40,"61 - La transformación de la educación en Bolivia, el gran desafío de UNIFRANZ","Ante las constantes transformaciones globales, UNIFRANZ apuesta por una enseñanza que fomen",9b7bd5e882a92d94242970a9ec87fbcc
https://www.lostiempos.com/tendencias/ciencia/20200206/astronauta-estadounidense-que-batio-record-femenino-permanencia-espacio,07/02/2020 14:58,Publicado el 06/02/2020 a las 10h44,62 - La astronauta estadounidense que batió el récord femenino de permanencia en el espacio regresó a la Tierra,"Almaty, Kazajistán |

	La astronauta estadounidense Christina Koch regresó a la Tierra este",1e42fecdd67d0a82a722f8f5b84edb3a
https://www.lostiempos.com/tendencias/interesante/20200206/antigua-capilla-lisboa-recrea-mundo-onirico-tim-burton,07/02/2020 14:58,Publicado el 06/02/2020 a las 9h49,63 - Una antigua capilla de Lisboa recrea el mundo onírico de Tim Burton,"Paula Fernández / Lisboa

	Los portones de la antigua capilla de Nuestra Señora de Nazareth",169a1c7b11c9aa5f248d9b522f50cfda
https://www.lostiempos.com/tendencias/interesante/20200206/nace-fundacion-internacional-ayudar-animales-callejeros-bolivia,07/02/2020 14:58,Publicado el 06/02/2020 a las 17h58,64 - Nace fundación internacional para ayudar a animales callejeros en Bolivia,En septiembre de 2019 se hizo realidad un sueño largamente acariciado que dio lugar al naci,26992641300df157ab1a7191d5fc55cd
https://www.lostiempos.com/tendencias/tecnologia/20200206/google-maps-cumple-15-anos-mas-inteligencia-nuevos-competidores,07/02/2020 14:58,Publicado el 06/02/2020 a las 13h43,"65 - ""Google maps"" cumple 15 años, con más ""inteligencia"" y nuevos competidores","MADRID |

	La aplicación ""Google maps"", una de las más populares del buscador más utilizado",4d20ce0d23f6cfb811cdfc5a11c5c6cf
https://www.lostiempos.com/actualidad/opinion/20200207/editorial/coronavirus-alerta-funciona-bolivia,07/02/2020 14:58,Publicado el 07/02/2020,66 - Coronavirus: la alerta funciona en Bolivia,"Desde que se reportaron los primeros casos, el último día del año pasado, la neumonía de Wu",23f56228e35b06435ec0935dce4c8fee
https://www.lostiempos.com/actualidad/opinion/20200207/columna/caballeritos,07/02/2020 14:58,Publicado el 07/02/2020,67 - Caballeritos,"Volvieron las clases y vuelven también los mandiles blancos a las escuelas, el cabello reco",fa9e42bd0d67cc9adb123e7711f754b3
https://www.lostiempos.com/actualidad/opinion/20200207/columna/don-werner-memoriam,07/02/2020 14:58,Publicado el 07/02/2020,"68 - Don Werner, in memoriam",El mundo conmemoró con diferentes actos en distintos escenarios el 75 aniversario del ingre,4c4ac243ffa6a939f2ae264e0a984c5c
https://www.lostiempos.com/actualidad/opinion/20200207/columna/fuimos-tambien-culpables-tirania,07/02/2020 14:58,Publicado el 07/02/2020,69 - ¿Fuimos también culpables de la tiranía?,"Después de terribles hechos, puede haber sitio para la meditación. Aludo al momento en el c",aff1b2995bbab4f459e2063ec275741f
https://www.lostiempos.com/actualidad/opinion/20200207/columna/carne-cemento,07/02/2020 14:58,Publicado el 07/02/2020,70 - Carne y cemento,"No le saco el poto a la jeringa a mi machismo confeso, al asociar la carne a la Presidenta",8ea70acd59052e038d47d62ccd774ad7
https://www.lostiempos.com/actualidad/opinion/20200207/columna/no-todo-esta-perdido,07/02/2020 14:58,Publicado el 07/02/2020,71 - ¡No todo está perdido!,"Vivimos tiempos en los que el egoísmo, la mentira, la necedad, el abuso, la prepotencia, la",7001fcbcd182f5fe0939e5301ae59ee8
https://www.lostiempos.com/actualidad/opinion/20200207/columna/joyas-del-diablo,07/02/2020 14:58,Publicado el 07/02/2020,72 - Las joyas del Diablo,"Somos la selección de jugadores que fue la Guerra del Chaco, un abuelo que funda cines en c",094103345bf2218818e2c591f6fe5420
https://www.lostiempos.com/actualidad/opinion/20200206/columna/repartija-territorios-originarios,07/02/2020 14:58,Publicado el 06/02/2020,73 - Repartija de territorios de originarios,"Recientemente, la Central de los Pueblos Étnicos Mojeños del Beni (CPEM-B) ha solicitado a",f8a406327e77a53665b8332a3f042990
https://www.lostiempos.com/actualidad/opinion/20200206/columna/mezquindad-gestion-ypfb,07/02/2020 14:58,Publicado el 06/02/2020,74 - Mezquindad en la gestión de YPFB,"Ninguna institución pública, o privada, funciona por la mera inercia de sus preceptos, regl",65252aa8dd443f9d5486ebf260fd589c
https://www.lostiempos.com/actualidad/opinion/20200206/columna/chola-moza-indio,07/02/2020 14:58,Publicado el 06/02/2020,"75 - Chola, moza… indio",Muchos tarijeños están enojados. Consideran que fue una ofensa llamar “chola tarijeña” a la,30f2912ceeea613dc8b8de79c67c43ff
https://www.lostiempos.com/actualidad/opinion/20200206/columna/dos-cubalibres-favor,07/02/2020 14:58,Publicado el 06/02/2020,"76 - Dos cubalibres, por favor","Desde la Vista del amanecer en el Trópico, haciendo Pequeñas maniobras, Tres tristes tigres",6238e73128e6aee05ee489b7a4a4ad96
https://www.lostiempos.com/actualidad/opinion/20200206/columna/miedo-mujer-gestante,07/02/2020 14:58,Publicado el 06/02/2020,77 - El miedo de una mujer gestante,"Como mujer y madre me pregunto, una y otra vez, acerca de esta problemática recurrente que",f9f3d72be1864573231397789d5722dd
https://www.lostiempos.com/actualidad/opinion/20200205/columna/historia-siempre-pierde-memoria,07/02/2020 14:58,Publicado el 05/02/2020,78 - La historia siempre pierde la memoria,"JOHNY R. DURANDAL M.

	Es la frase de una canción, pero encierra mucha sabiduría, y en rela",76c2674da167503793efa9a619497344
https://www.lostiempos.com/doble-click/cine/20200207/quienes-eligen-ganadores-oscar-como,07/02/2020 14:58,Publicado el 07/02/2020 a las 9h54,82 - ¿Quiénes eligen a los ganadores de los Óscar y cómo?,Son 8.469 personas que han votado este año para elegir a los ganadores de los premios Óscar,67b4d3ae74c462f7eb528a56b6250b3a
https://www.lostiempos.com/doble-click/cultura/20200207/80-anos-pinocho-mentiroso-mas-famoso-del-cine,07/02/2020 14:58,Publicado el 07/02/2020 a las 14h34,"83 - 80 años de ""Pinocho"", el mentiroso más famoso del cine","MADRID |

	Un 7 de febrero de 1940 se estrenaba en el Central Theatre de Nueva York ""Disney",661e8737fe88c8a26991f6a0bda3d73d
https://www.lostiempos.com/doble-click/cine/20200207/premios-oscar-2020-donde-como-ver-vivo-online,07/02/2020 14:58,Publicado el 07/02/2020 a las 12h41,84 - Premios Oscar 2020: dónde y cómo ver en vivo y online,"El domingo será la versión número 92 de los premios Oscar, considerado como el evento estel",d43b9b009df91d3aec5f424cbb042d10
https://www.lostiempos.com/doble-click/cultura/20200207/tercera-version-del-panorama-escenico-continua-obra-mal-tipo,07/02/2020 14:58,Publicado el 07/02/2020 a las 10h53,"85 - La tercera versión del Panorama Escénico continúa con la obra ""Un mal tipo""","COCHABAMBA |

	“Un mal tipo” es un monólogo escrito por Alejandro Marañón que trata sobre c",188395bbc636699320229acf0c704638
https://www.lostiempos.com/doble-click/espectaculos/20200207/adondevamos-conozca-oferta-eventos-culturales-este-fin-semana,07/02/2020 14:58,Publicado el 07/02/2020 a las 0h43,86 - #ADóndeVamos: conozca la oferta de eventos culturales para este fin de semana,"Bronco pondrá a bailar y cantar a sus fans

	Mañana 8 de febrero, a partir de las 19:00, la",bc964baedf0ba9bd7724ae7d15854881
https://www.lostiempos.com/doble-click/sociales/20200207/titos-style-inaugura-nueva-sucursal,07/02/2020 14:58,Publicado el 07/02/2020 a las 10h49,87 - Tito’s Style inaugura una nueva sucursal,"Con un alegre evento, el pasado viernes, Tito’s Style inauguró su 4ta sucursal en el edific",d45704bd3d9503f90096e2c72a9c86c1
https://www.lostiempos.com/doble-click/farandula/20200206/modelos-victorias-secret-denuncian-acoso-sexual-jefes-compania,07/02/2020 14:58,Publicado el 06/02/2020 a las 19h23,88 - Modelos de Victoria’s Secret denuncian acoso sexual de los jefes de la compañía,Varias modelos de Victoria's Secret desvelaron que durante años sufrieron acoso por parte d,043e5713e56db5b2c31eeeb2b04cbce0
https://www.opinion.com.bo/articulo/cochabamba/leyes-dice-justicia-dio-libertad-pura-simple/20200207121415750001.html,07/02/2020 14:58,07 de febrero de 2020 (12:14 h.),89 - Leyes dice que justicia le dio libertad pura y simple,"El alcalde suspendido de Cochabamba, José María Leyes, informó que la justi",54b28b26231a3fe798fba3f03712b24d
https://www.opinion.com.bo/articulo/cochabamba/confirman-caso-sospechoso-coronavirus-contrajo-dengue-continuara-vigilancia/20200207131337750008.html,07/02/2020 14:58,07 de febrero de 2020 (13:13 h.),90 - Confirman que sospechoso de coronavirus contrajo dengue y  continuará bajo vigilancia,Autoridades en Salud confirmaron hoy que el caso sospechoso de coronavirus,158ad8d6ab86297bd52dd07bd621f70a
https://www.opinion.com.bo/articulo/cochabamba/inspeccion-termino-consensos/20200206235815749985.html,07/02/2020 14:58,07 de febrero de 2020 (00:00 h.),91 - Tren: líos por línea  amarilla obligan  a revisar proyecto,La Asociación Accidental Tunari aceptó ayer revisar los cuestionamientos a,41b8cfdc3208efbe8dfdab7d69f1a914
https://www.opinion.com.bo/articulo/escenario-politico1/relator-onu-lanza-fuertes-criticas-gobierno-anez-senala-persecucion-politica/20200207095844749990.html,07/02/2020 14:58,07 de febrero de 2020 (09:58 h.),"92 - Relator de la ONU critica al Gobierno de Áñez y señala que hay ""persecución política"" en Bolivia",El Relator Especial sobre la Independencia de Jueces y Abogados de la Organ,6af661566c138478e1000945ece6be05
https://www.opinion.com.bo/articulo/cochabamba/vecinos-bloquean-ingreso-tiquipaya/20200207105240749992.html,07/02/2020 14:58,07 de febrero de 2020 (10:52 h.),93 - Vecinos bloquean el ingreso a Tiquipaya,Vecinos de Tiquipaya procedieron esta mañana a bloquear el ingreso a este m,0af42f4940dad2e745d1cc66a19f1e14
https://www.opinion.com.bo/articulo/cochabamba/sedes-aconseja-dar-mano-ni-saludar-beso-coronavirus/20200206233926749965.html,07/02/2020 14:58,07 de febrero de 2020 (00:00 h.),94 - SEDES aconseja no dar la mano ni saludar de beso ante coronavirus,No saludar dando la mano ni con beso en la mejilla son dos medidas de preve,99cc3d6cad010382a88a4e8b03e34b31
https://www.opinion.com.bo/articulo/cochabamba/mesas-trabajo-concluyen-adecuar-ley-casetas-hechas/20200206234419749968.html,07/02/2020 14:58,07 de febrero de 2020 (00:00 h.),95 - Mesas de trabajo concluyen en adecuar la ley a casetas hechas,Las tres mesas de trabajo que analizaron la situación de las más de 12 mil,0aadfa8b1a341beb5ffda153e7334fde
https://www.opinion.com.bo/articulo/cochabamba/convocan-innovadores-presentar-ideas-6-tematicas/20200206233217749958.html,07/02/2020 14:58,07 de febrero de 2020 (00:00 h.),96 - Convocan a innovadores a presentar ideas en 6 temáticas,Unidades productivas e innovadores individuales de Cochabamba están invitad,e4030d73b0b600f017bf3c8f68a437e9
https://www.opinion.com.bo/articulo/escenario-politico1/mesa-onu-deberia-analizar-comparacion-gobierno-morales-anez/20200207125040750006.html,07/02/2020 14:58,07 de febrero de 2020 (13:31 h.),97 - Mesa: ONU debería realizar una comparación entre los gobiernos de Morales y Áñez,"El candidato a la presidencia por Comunidad Ciudadana, Carlos Mesa, señaló",4b6a01066801d43e948e9822911441af
https://www.opinion.com.bo/articulo/escenario-politico1/gobierno-responde-propuesta-evo-tiene-moral-sugerir-acuerdos-politicos/20200207113609749993.html,07/02/2020 14:58,07 de febrero de 2020 (11:36 h.),"98 - El Gobierno responde a la propuesta de Evo: ""No tiene moral para sugerir acuerdos políticos""","El ministro de Gobierno, Arturo Murillo, dijo el jueves que Evo Morales ""no",06eb7052ca2604c44757c5922e1a6213
https://www.opinion.com.bo/articulo/pais/preven-impugnar-choquehuanca-sigue-polemica-residencia/20200206231651749948.html,07/02/2020 14:58,07 de febrero de 2020 (00:00 h.),99 - Prevén impugnar a Choquehuanca y sigue la polémica por residencia,La participación del expresidente Evo Morales en los comicios del 3 de mayo,eefca2af0a9aabbc0da4211e307487b5
https://www.opinion.com.bo/articulo/pais/camacho-rechaza-ir-debate-anez-mas-pide-ser-primero/20200206232254749952.html,07/02/2020 14:58,07 de febrero de 2020 (00:00 h.),100 - Camacho rechaza ir a debate con Áñez y el MAS pide ser el primero,"Mientras el candidato a la presidencia de la alianza Creemos, Luis Fernando",58c9bb8e8a3792812170cdf82dd30e24
https://www.opinion.com.bo/articulo/pais/asambleista-insta-tse-anular-evo-mario-cossio/20200206234950749970.html,07/02/2020 14:58,07 de febrero de 2020 (00:00 h.),101 - Asambleísta insta al TSE a anular a Evo y Mario Cossío,"El asambleísta del Movimiento Demócrata Social (Demócratas) Mario Orellana,",ab5ea17c7dd5592aa47209b07ae8314b
https://www.opinion.com.bo/articulo/pais/150-casas-destruidas-riada-cotagaita/20200206220941749900.html,07/02/2020 14:58,07 de febrero de 2020 (00:00 h.),102 - 150 casas destruidas por riada en Cotagaita,"Más de 150 casas destruidas, 1.500 personas afectadas y 50 vehículos arrast",9371477f981a9c4871724676f9dc1c8e
https://www.opinion.com.bo/articulo/pais/realizan-simulacro-coronavirus/20200206220609749895.html,07/02/2020 14:58,07 de febrero de 2020 (00:00 h.),103 - Realizan simulacro  contra coronavirus,Las autoridades sanitarias regionales realizaron el jueves un simulacro de,f61c751707ba9ee1756c3051649a470b
https://www.opinion.com.bo/articulo/pais/ypfb-comprara-combustibles-mas-barato-calidad/20200206220717749897.html,07/02/2020 14:58,07 de febrero de 2020 (00:00 h.),104 - YPFB comprará combustibles más barato y de calidad,Yacimientos Petrolíferos Fiscales Bolivianos (YPFB) aseguró ayer  que gesti,2a4cc5b547125aaf3c17481ac6c8340d
https://www.opinion.com.bo/articulo/pais/dora-v-v-reina-norte-tiene-19-vehiculos-65-casas/20200206215553749889.html,07/02/2020 14:58,07 de febrero de 2020 (00:00 h.),"105 - Dora V. V., la ‘Reina del Norte’ tiene 19 vehículos y 65 casas","Dora V.  V., oriunda de  Yapacaní, Santa Cruz, ha sido denunciada por el Mi",1e61197055adcb741be7b3cda44a0cb9
https://www.opinion.com.bo/articulo/vida-de-hoy2/mundo-tim-burton-es-recreado-capilla/20200206223822749916.html,07/02/2020 14:58,07 de febrero de 2020 (00:00 h.),106 - El mundo de Tim Burton  es recreado en una capilla,Los portones de la antigua capilla de Nuestra Señora de Nazareth de Lisboa,f4d8db3afde0e7510a7e5aba36be29f0
https://www.opinion.com.bo/articulo/cultura/hijo-rulfo-confirma-inedito-guion-garcia-marquez-obra-padre/20200206175305749832.html,07/02/2020 14:58,06 de febrero de 2020 (17:53 h.),107 - Hijo de Rulfo confirma inédito guion de García Márquez sobre obra de su padre," Juan Carlos Rulfo, hijo del escritor mexicano Juan Rulfo, confirmó a Efe l",5b1db0650908d3a361e7a7bf8731f21f
https://www.opinion.com.bo/articulo/vida-de-hoy2/hollywood-despliega-alfombra-roja-cuenta-atras-oscar/20200206174117749828.html,07/02/2020 14:58,06 de febrero de 2020 (17:44 h.),108 - Hollywood despliega la alfombra roja en la cuenta atrás para los Óscar,Hollywood vivió uno de los momentos más simbólicos de la temporada de premi,409b93368ecc372749d0006c94c9704d
https://www.opinion.com.bo/articulo/vida-de-hoy2/sergio-pablos-aterriza-klaus-oscar-podemos-pedir-nada-mas/20200206173120749825.html,07/02/2020 14:58,06 de febrero de 2020 (17:31 h.),"109 - Sergio Pablos aterriza con ""Klaus"" en los Óscar: ""No podemos pedir nada más""","Tras hacer historia con sus triunfos en los Bafta y los Annie, la película",2549dd2ee7fddfbbe9359d2609554809
https://www.opinion.com.bo/articulo/policial/policia-investigado-muerte-lorena-es-liberado/20200206214443749886.html,07/02/2020 14:58,07 de febrero de 2020 (00:00 h.),110 - El policía investigado por la muerte de Lorena es liberado,"El subteniente de la Policía, Cristhian L. que es investigado por la muerte",3a4bfd4b81137b3eb85735562f43a6d9
https://www.opinion.com.bo/articulo/policial/aprehenden-acusado-feminicidio-santa-cruz/20200206214221749883.html,07/02/2020 14:58,07 de febrero de 2020 (00:00 h.),111 - Aprehenden  a un acusado de feminicidio en Santa Cruz,"La Fiscal Departamental de Santa Cruz, Mirna Arancibia, informó  ayer que s",9773163fee383ed4a801fc24265a41f8
https://www.opinion.com.bo/articulo/policial/encuentran-taxista-muerto-carretera/20200206214113749880.html,07/02/2020 14:58,07 de febrero de 2020 (00:00 h.),112 - Encuentran  a un taxista muerto en una carretera,"La Policía encontró el cuerpo de un taxista, de 39años, en la carretera a A",8d5950b0b7c3b316f805fa10ea458ebd
https://www.opinion.com.bo/articulo/policial/cae-vendedor-virtual-pastillas-abortivas/20200206213913749877.html,07/02/2020 14:58,07 de febrero de 2020 (00:00 h.),113 - Cae vendedor virtual de pastillas abortivas,"La Fuerza Especial de Lucha Contra el Crimen (FELCC) de La Paz, aprehendió",411b6e5f38575d36cc10523060ca8712
https://www.opinion.com.bo/articulo/mundo/china-28000-infectados-falta-camas-ayuda-rusia/20200206212801749871.html,07/02/2020 14:58,07 de febrero de 2020 (00:00 h.),"114 - China: 28.000 infectados, falta de camas y ayuda desde Rusia","La ciudad de Wuhan, foco del brote de coronavirus, lucha desesperadamente p",bc6f41aadf988dc0b2f551b2cff776a5
https://www.opinion.com.bo/articulo/mundo/muere-popeye-sicario-colombiano-pablo-escobar-dijo-narcotraficante-morales/20200206212444749868.html,07/02/2020 14:58,07 de febrero de 2020 (00:00 h.),"115 - Muere Popeye, el sicario colombiano de Pablo Escobar que le dijo “narcotraficante” a Morales","Jhon Jairo Velásquez Vásquez, el sicario de Pablo Escobar que acusó a Evo M",74a03a90f59c3a43999b174192999342
https://www.opinion.com.bo/articulo/mundo/bolsonaro-indio-tiene-corazon/20200206212107749863.html,07/02/2020 14:58,07 de febrero de 2020 (00:00 h.),116 - Bolsonaro: “El indio tiene corazón”,"El presidente de Brasil, el ultraderechista Jair Bolsonaro, volvió a genera",2458b57a8e0f7e85b3dd2275553004f2
https://www.opinion.com.bo/articulo/mundo/iglesia-celebra-misa-aborto/20200206211918749860.html,07/02/2020 14:58,07 de febrero de 2020 (00:00 h.),117 - Iglesia celebra misa contra el aborto,La Iglesia Católica argentina convocó a una misa en favor de “la protección,75cbdb12c2d1d6927dd7e193d08be66c
https://www.opinion.com.bo/articulo/deportes/torsiglieri-debutara-wilstermann-pochi-es-baja/20200206224553749923.html,07/02/2020 14:58,07 de febrero de 2020 (00:00 h.),118 - Torsiglieri debutará en Wilstermann y el Pochi es baja,"El defensor argentino Marco Torsiglieri, que llegó al Rojo como refuerzo, d",ea37c3cdeb9d3ec4d04f3bf2cdc923c4
https://www.opinion.com.bo/articulo/deportes/emelec-supera-blooming-deja-terapia-intensiva/20200206230319749940.html,07/02/2020 14:58,07 de febrero de 2020 (00:00 h.),119 - Emelec supera a Blooming y     lo deja en “terapia intensiva”,"Con sólidos argumentos futbolísticos, Emelec de Ecuador goleó a Blooming (3",b39f485bb9c77cf71bd2c0204c3c50f2
https://www.opinion.com.bo/articulo/deportes/cesar-farias-buscara-talentos-todo-pais/20200206225615749934.html,07/02/2020 14:58,07 de febrero de 2020 (00:00 h.),120 - César Farías buscará  talentos en todo el país,"El director técnico de la Selección Nacional, César Farías, realizará una g",42af9599f3a809570516d42462cef0c6
https://www.opinion.com.bo/articulo/deportes/real-madrid-barcelona-estan-eliminados-copa-rey/20200206224759749926.html,07/02/2020 14:58,07 de febrero de 2020 (00:00 h.),121 - Real Madrid y Barcelona están   eliminados de la Copa del Rey,Los dos “grandes” del fútbol español Real Madrid y Barcelona le dijeron adi,1d983a539973a13371a56c37deb34037
https://www.opinion.com.bo/articulo/opini-oacute-n/nombre-sufrido-pueblo/20181019231700629860.html,07/02/2020 14:58,19 de octubre de 2018 (23:17 h.),126 - En nombre de este sufrido pueblo,"﻿“En nombre de Dios, pues, y en nombre de este sufrido pueblo, cuyos lament",73ef20b86662abe9e3463686167ca1d9
https://www.opinion.com.bo/articulo/revista-asi/farris-chef-italiano-recorrio-mundo-es-feliz-llajta/20200125165454747718.html,07/02/2020 14:58,26 de enero de 2020 (00:00 h.),"127 - Farris, el chef italiano que recorrió el mundo y es feliz en la Llajta","A  sus casi 40 años, el chef italiano Mauro Farris disfruta de una bella es",3ee8d794367caafa29c66b871ab026c3
https://www.opinion.com.bo/articulo/revista-asi/grisel-hans-dupla-vuelve-conquistar-television/20200125170438747725.html,07/02/2020 14:58,26 de enero de 2020 (00:00 h.),"128 - Grisel y Hans, la dupla que vuelve  para conquistar la televisión",Ella es una presentadora consolidada a nivel nacional. Su carisma le valió,0382e2aad02636ad66b02a392dfb0bbc
https://www.opinion.com.bo/articulo/ramona/dormir-en-auschwitz/20200201204807748907.html,07/02/2020 14:58,02 de febrero de 2020 (00:00 h.),129 - Dormir en Auschwitz,"Al grito de no sé qué palabra, los despertaban a las cinco y media de la ma",bafc8a81785b8ce2a136472415de332f
https://www.opinion.com.bo/articulo/ramona/tom-hanks-interpretar-mr-rogers-intimidaba/20200201231746748933.html,07/02/2020 14:58,02 de febrero de 2020 (00:00 h.),130 - Tom Hanks: “Interpretar a Mr. Rogers me intimidaba”,"Tom Hanks lleva más de cuatro décadas haciendo cine, televisión y teatro, p",0b349e35e3e738f9ce466db86c524d53
https://www.opinion.com.bo/articulo/informe-especial/coronavirus-causa-muerte-pone-emergencia-salud-mundo/20200201232241748935.html,07/02/2020 14:58,02 de febrero de 2020 (00:00 h.),131 - Coronavirus causa muerte y pone en emergencia de salud al mundo,"Con más de 8 mil casos y más de 250 muertes, el brote de un nuevo coronavir",3305c938b20bf62f5342863f1c2c390d
https://www.opinion.com.bo/articulo/informe-especial/comite-operativo-emergencia-activa-bolivia/20200201232517748937.html,07/02/2020 14:58,02 de febrero de 2020 (00:00 h.),132 - Comité Operativo de Emergencia se activa en Bolivia,"Ante la emergencia de salud pública por el coronavirus, el Ministerio de Sa",5c00a779d580e961bfdde84d778ac640
https://www.opinion.com.bo/album/deportes/preolimpico-bolivia-lucha-ilusiona-alcanza-vencer-brasil/20200128234701748316.html,07/02/2020 14:58,28 de enero de 2020 (23:47 h.),"133 - Preolímpico: Bolivia lucha e ilusiona, pero no le alcanza para vencer a Brasil",La selección boliviana sub 23 dio una dura batalla la noche de este martes a su par bra,8f66e2d39267206778c309ef0f66e1df
https://www.opinion.com.bo/album/cochabamba/alto-cobol-radicalizan-medidas-alcalde-anuncia-inspeccion/20200121174456747046.html,07/02/2020 14:58,21 de enero de 2020 (17:44 h.),134 - Alto Cobol: radicalizan medidas y Alcalde anuncia inspección,"En el segundo día de protestas que realizan los vecinos de Alto Cobol, zona sur de la c",06b53f3358059a0290e9a334a33abe57
https://www.opinion.com.bo/album/cochabamba/idif-inicia-pericias-huayllani/20200120174556746834.html,07/02/2020 14:58,20 de enero de 2020 (17:45 h.),135 - IDIF inicia pericias en Huayllani,"Con uso de drones como equipo de apoyo, especialistas del Instituto de Investigaciones",5fe070588aef456cb396a5f155c63f1d
https://www.opinion.com.bo/articulo/cochabamba/confirman-caso-sospechoso-coronavirus-contrajo-dengue-continuara-vigilancia/20200207131337750008.html,07/02/2020 14:58,07 de febrero de 2020 (13:13 h.),136 - Confirman que sospechoso de coronavirus contrajo dengue y  continuará bajo vigilancia,Autoridades en Salud confirmaron hoy que el caso sospechoso de coronavirus,b6204ac0bf4f985452a534e43224886e
https://www.opinion.com.bo/articulo/cochabamba/instalan-primer-parklet-urbano-llajta/20200207123817750003.html,07/02/2020 14:58,07 de febrero de 2020 (12:38 h.),137 - Instalan en primer parklet urbano en la Llajta,El parklet diseñado por el por el Taller de Acupuntura Urbana (TAU) del mAR,8a7b3a80fd0d492ca7d71b936b3efc96
https://www.opinion.com.bo/articulo/cochabamba/leyes-dice-justicia-dio-libertad-pura-simple/20200207121415750001.html,07/02/2020 14:58,07 de febrero de 2020 (12:14 h.),138 - Leyes dice que justicia le dio libertad pura y simple,"El alcalde suspendido de Cochabamba, José María Leyes, informó que la justi",8db6673e449826d1c624aa291557b82f
https://www.opinion.com.bo/articulo/cochabamba/bancomunidad-inaugura-sucursal-quillacollo/20200207115255749999.html,07/02/2020 14:58,07 de febrero de 2020 (11:52 h.),139 - Bancomunidad inaugura sucursal en Quillacollo,El Bancomunidad (banco pyme) realizó este viernes la inauguración de una nu,b13cf6b9d6312f99fbbb556a5a7b2d7f
https://www.opinion.com.bo/articulo/pais/admiten-apelacion-romero-debe-seguir-carcel/20200206235515749979.html,07/02/2020 14:58,07 de febrero de 2020 (00:00 h.),"140 - Admiten apelación de Romero, pero debe seguir en la cárcel",La sala penal cuarta del Tribunal de Justicia de La Paz admitió parcialment,366cb06323124e93bafdf239ec25dd26
https://www.opinion.com.bo/articulo/pais/asambleista-insta-tse-anular-evo-mario-cossio/20200206234950749970.html,07/02/2020 14:58,07 de febrero de 2020 (00:00 h.),141 - Asambleísta insta al TSE a anular a Evo y Mario Cossío,"El asambleísta del Movimiento Demócrata Social (Demócratas) Mario Orellana,",b5bf16e9370a51c070f1db39a077e8a5
https://www.opinion.com.bo/articulo/pais/exautoridades-ponen-mira-gobierno-fiscalia/20200206232448749955.html,07/02/2020 14:58,07 de febrero de 2020 (00:00 h.),142 - Cinco exautoridades ponen en la mira al Gobierno y a la Fiscalía,El gobierno de la presidenta Jeanine Áñez se ve complicado con las reciente,7bd260cb9e648060d8b827a933ca3524
https://www.opinion.com.bo/articulo/pais/camacho-rechaza-ir-debate-anez-mas-pide-ser-primero/20200206232254749952.html,07/02/2020 14:58,07 de febrero de 2020 (00:00 h.),143 - Camacho rechaza ir a debate con Áñez y el MAS pide ser el primero,"Mientras el candidato a la presidencia de la alianza Creemos, Luis Fernando",46ec1fb09ab0b15869d977a7b4064801
https://www.opinion.com.bo/articulo/policial/aprehenden-acusado-feminicidio-santa-cruz/20200206214221749883.html,07/02/2020 14:58,07 de febrero de 2020 (00:00 h.),144 - Aprehenden  a un acusado de feminicidio en Santa Cruz,"La Fiscal Departamental de Santa Cruz, Mirna Arancibia, informó  ayer que s",f1a394f0a928a0c1453497dc990ba6c0
https://www.opinion.com.bo/articulo/policial/encuentran-taxista-muerto-carretera/20200206214113749880.html,07/02/2020 14:58,07 de febrero de 2020 (00:00 h.),145 - Encuentran  a un taxista muerto en una carretera,"La Policía encontró el cuerpo de un taxista, de 39años, en la carretera a A",e5a09fa93004113e6ce4f4f925f26d60
https://www.opinion.com.bo/articulo/policial/cae-vendedor-virtual-pastillas-abortivas/20200206213913749877.html,07/02/2020 14:58,07 de febrero de 2020 (00:00 h.),146 - Cae vendedor virtual de pastillas abortivas,"La Fuerza Especial de Lucha Contra el Crimen (FELCC) de La Paz, aprehendió",9d8208fd92115239523ca5e9ca9ce7aa
https://www.opinion.com.bo/articulo/policial/policia-investigado-muerte-lorena-es-liberado/20200206214443749886.html,07/02/2020 14:58,07 de febrero de 2020 (00:00 h.),147 - El policía investigado por la muerte de Lorena es liberado,"El subteniente de la Policía, Cristhian L. que es investigado por la muerte",b80e8908d27fa779abea132a96918366
https://www.opinion.com.bo/articulo/mundo/bolsonaro-indio-tiene-corazon/20200206212107749863.html,07/02/2020 14:58,07 de febrero de 2020 (00:00 h.),148 - Bolsonaro: “El indio tiene corazón”,"El presidente de Brasil, el ultraderechista Jair Bolsonaro, volvió a genera",74eff03e1b6942ff4ae8d9a92bd0b524
https://www.opinion.com.bo/articulo/mundo/muere-popeye-sicario-colombiano-pablo-escobar-dijo-narcotraficante-morales/20200206212444749868.html,07/02/2020 14:58,07 de febrero de 2020 (00:00 h.),"149 - Muere Popeye, el sicario colombiano de Pablo Escobar que le dijo “narcotraficante” a Morales","Jhon Jairo Velásquez Vásquez, el sicario de Pablo Escobar que acusó a Evo M",79d7e1c8d5ce57ce7d6788e3d7a90376
https://www.opinion.com.bo/articulo/mundo/23-personas-fallecen-ataque-siria/20200206212251749866.html,07/02/2020 14:58,07 de febrero de 2020 (00:00 h.),150 - 23 personas fallecen por ataque en Siria,La ONG Observatorio Sirio de Derechos Humanos afirmó ayer que al menos 23 m,3d60383fb551357965a5799ad6d9fb1c
https://www.opinion.com.bo/articulo/mundo/iglesia-celebra-misa-aborto/20200206211918749860.html,07/02/2020 14:58,07 de febrero de 2020 (00:00 h.),151 - Iglesia celebra misa contra el aborto,La Iglesia Católica argentina convocó a una misa en favor de “la protección,8d7cd6975c3ebb8e12f3b4b343469032
